{
  "organization": [
    {
      "id": "Accenture",
      "label": "Accenture",
      "url": "accenture"
    },
    {
      "id": "Agile Stacks",
      "label": "Agile Stacks",
      "url": "agile-stacks"
    },
    {
      "id": "Alauda",
      "label": "Alauda",
      "url": "alauda"
    },
    {
      "id": "Alcide",
      "label": "Alcide",
      "url": "alcide"
    },
    {
      "id": "Algorithmia",
      "label": "Algorithmia",
      "url": "algorithmia"
    },
    {
      "id": "Alibaba Cloud",
      "label": "Alibaba Cloud",
      "url": "alibaba-cloud"
    },
    {
      "id": "Amazon Web Services",
      "label": "Amazon Web Services",
      "url": "amazon-web-services"
    },
    {
      "id": "Anchore",
      "label": "Anchore",
      "url": "anchore"
    },
    {
      "id": "Apache Software Foundation",
      "label": "Apache Software Foundation",
      "url": "apache-software-foundation"
    },
    {
      "id": "Apex",
      "label": "Apex",
      "url": "apex"
    },
    {
      "id": "Aporeto",
      "label": "Aporeto",
      "url": "aporeto"
    },
    {
      "id": "AppDynamics",
      "label": "AppDynamics",
      "url": "app-dynamics"
    },
    {
      "id": "Apple",
      "label": "Apple",
      "url": "apple"
    },
    {
      "id": "AppNeta",
      "label": "AppNeta",
      "url": "app-neta"
    },
    {
      "id": "AppScale Systems",
      "label": "AppScale Systems",
      "url": "app-scale-systems"
    },
    {
      "id": "AppsCode",
      "label": "AppsCode",
      "url": "apps-code"
    },
    {
      "id": "Appveyor Systems",
      "label": "Appveyor Systems",
      "url": "appveyor-systems"
    },
    {
      "id": "Aqua Security",
      "label": "Aqua Security",
      "url": "aqua-security"
    },
    {
      "id": "ArangoDB",
      "label": "ArangoDB",
      "url": "arango-db"
    },
    {
      "id": "Arrikto",
      "label": "Arrikto",
      "url": "arrikto"
    },
    {
      "id": "Atlassian",
      "label": "Atlassian",
      "url": "atlassian"
    },
    {
      "id": "Atomist",
      "label": "Atomist",
      "url": "atomist"
    },
    {
      "id": "Avi Networks",
      "label": "Avi Networks",
      "url": "avi-networks"
    },
    {
      "id": "Aviatrix Systems",
      "label": "Aviatrix Systems",
      "url": "aviatrix-systems"
    },
    {
      "id": "backplane.io",
      "label": "backplane.io",
      "url": "backplane-io"
    },
    {
      "id": "Baidu",
      "label": "Baidu",
      "url": "baidu"
    },
    {
      "id": "Banzai Cloud",
      "label": "Banzai Cloud",
      "url": "banzai-cloud"
    },
    {
      "id": "Big Switch Networks",
      "label": "Big Switch Networks",
      "url": "big-switch-networks"
    },
    {
      "id": "BigchainDB",
      "label": "BigchainDB",
      "url": "bigchain-db"
    },
    {
      "id": "Binaris",
      "label": "Binaris",
      "url": "binaris"
    },
    {
      "id": "Bitnami",
      "label": "Bitnami",
      "url": "bitnami"
    },
    {
      "id": "Bloomberg LP",
      "label": "Bloomberg LP",
      "url": "bloomberg-lp"
    },
    {
      "id": "Bluefyre",
      "label": "Bluefyre",
      "url": "bluefyre"
    },
    {
      "id": "Bocloud",
      "label": "Bocloud",
      "url": "bocloud"
    },
    {
      "id": "Booz Allen Hamilton",
      "label": "Booz Allen Hamilton",
      "url": "booz-allen-hamilton"
    },
    {
      "id": "BoxBoat Technologies",
      "label": "BoxBoat Technologies",
      "url": "box-boat-technologies"
    },
    {
      "id": "Buildkite",
      "label": "Buildkite",
      "url": "buildkite"
    },
    {
      "id": "CableLabs",
      "label": "CableLabs",
      "url": "cable-labs"
    },
    {
      "id": "Caicloud",
      "label": "Caicloud",
      "url": "caicloud"
    },
    {
      "id": "Canonical",
      "label": "Canonical",
      "url": "canonical"
    },
    {
      "id": "Catalyst Cloud",
      "label": "Catalyst Cloud",
      "url": "catalyst-cloud"
    },
    {
      "id": "Catchpoint",
      "label": "Catchpoint",
      "url": "catchpoint"
    },
    {
      "id": "Centreon",
      "label": "Centreon",
      "url": "centreon"
    },
    {
      "id": "CFEngine",
      "label": "CFEngine",
      "url": "cf-engine"
    },
    {
      "id": "ChaosIQ",
      "label": "ChaosIQ",
      "url": "chaos-iq"
    },
    {
      "id": "Chef",
      "label": "Chef",
      "url": "chef"
    },
    {
      "id": "CircleCI",
      "label": "CircleCI",
      "url": "circle-ci"
    },
    {
      "id": "Circonus",
      "label": "Circonus",
      "url": "circonus"
    },
    {
      "id": "Cisco",
      "label": "Cisco",
      "url": "cisco"
    },
    {
      "id": "Claranet",
      "label": "Claranet",
      "url": "claranet"
    },
    {
      "id": "ClaudiaJS",
      "label": "ClaudiaJS",
      "url": "claudia-js"
    },
    {
      "id": "Cloud 66",
      "label": "Cloud 66",
      "url": "cloud-66"
    },
    {
      "id": "Cloud Foundry Foundation",
      "label": "Cloud Foundry Foundation",
      "url": "cloud-foundry-foundation"
    },
    {
      "id": "Cloud Native Computing Foundation (CNCF)",
      "label": "Cloud Native Computing Foundation (CNCF)",
      "url": "cloud-native-computing-foundation-cncf"
    },
    {
      "id": "CloudBees",
      "label": "CloudBees",
      "url": "cloud-bees"
    },
    {
      "id": "CloudBoost",
      "label": "CloudBoost",
      "url": "cloud-boost"
    },
    {
      "id": "Cloudflare",
      "label": "Cloudflare",
      "url": "cloudflare"
    },
    {
      "id": "CloudHealth Technologies",
      "label": "CloudHealth Technologies",
      "url": "cloud-health-technologies"
    },
    {
      "id": "Cloudify",
      "label": "Cloudify",
      "url": "cloudify"
    },
    {
      "id": "CloudOps",
      "label": "CloudOps",
      "url": "cloud-ops"
    },
    {
      "id": "CloudYuga",
      "label": "CloudYuga",
      "url": "cloud-yuga"
    },
    {
      "id": "CloudZero",
      "label": "CloudZero",
      "url": "cloud-zero"
    },
    {
      "id": "Cockroach Labs",
      "label": "Cockroach Labs",
      "url": "cockroach-labs"
    },
    {
      "id": "Codefresh",
      "label": "Codefresh",
      "url": "codefresh"
    },
    {
      "id": "Component Soft",
      "label": "Component Soft",
      "url": "component-soft"
    },
    {
      "id": "Container Solutions",
      "label": "Container Solutions",
      "url": "container-solutions"
    },
    {
      "id": "Containership",
      "label": "Containership",
      "url": "containership"
    },
    {
      "id": "Containous",
      "label": "Containous",
      "url": "containous"
    },
    {
      "id": "Contino",
      "label": "Contino",
      "url": "contino"
    },
    {
      "id": "Couchbase",
      "label": "Couchbase",
      "url": "couchbase"
    },
    {
      "id": "Covalent IO",
      "label": "Covalent IO",
      "url": "covalent-io"
    },
    {
      "id": "Crate.io",
      "label": "Crate.io",
      "url": "crate-io"
    },
    {
      "id": "Creationline",
      "label": "Creationline",
      "url": "creationline"
    },
    {
      "id": "CStack Technology",
      "label": "CStack Technology",
      "url": "c-stack-technology"
    },
    {
      "id": "Cumulus Networks",
      "label": "Cumulus Networks",
      "url": "cumulus-networks"
    },
    {
      "id": "CyberArk Software",
      "label": "CyberArk Software",
      "url": "cyber-ark-software"
    },
    {
      "id": "DaoCloud",
      "label": "DaoCloud",
      "url": "dao-cloud"
    },
    {
      "id": "Dashbird",
      "label": "Dashbird",
      "url": "dashbird"
    },
    {
      "id": "Data Essential",
      "label": "Data Essential",
      "url": "data-essential"
    },
    {
      "id": "Datadog",
      "label": "Datadog",
      "url": "datadog"
    },
    {
      "id": "Datawire",
      "label": "Datawire",
      "url": "datawire"
    },
    {
      "id": "Datera.io",
      "label": "Datera.io",
      "url": "datera-io"
    },
    {
      "id": "Datica",
      "label": "Datica",
      "url": "datica"
    },
    {
      "id": "Dell EMC",
      "label": "Dell EMC",
      "url": "dell-emc"
    },
    {
      "id": "DeployHub",
      "label": "DeployHub",
      "url": "deploy-hub"
    },
    {
      "id": "Diamanti",
      "label": "Diamanti",
      "url": "diamanti"
    },
    {
      "id": "DigitalOcean",
      "label": "DigitalOcean",
      "url": "digital-ocean"
    },
    {
      "id": "Docker",
      "label": "Docker",
      "url": "docker"
    },
    {
      "id": "DoiT International",
      "label": "DoiT International",
      "url": "doi-t-international"
    },
    {
      "id": "Drone.io",
      "label": "Drone.io",
      "url": "drone-io"
    },
    {
      "id": "Dynatrace",
      "label": "Dynatrace",
      "url": "dynatrace"
    },
    {
      "id": "EasyStack",
      "label": "EasyStack",
      "url": "easy-stack"
    },
    {
      "id": "eBaoTech Corporation",
      "label": "eBaoTech Corporation",
      "url": "e-bao-tech-corporation"
    },
    {
      "id": "Elastic",
      "label": "Elastic",
      "url": "elastic"
    },
    {
      "id": "Elastifile",
      "label": "Elastifile",
      "url": "elastifile"
    },
    {
      "id": "Elastisys",
      "label": "Elastisys",
      "url": "elastisys"
    },
    {
      "id": "Epsagon",
      "label": "Epsagon",
      "url": "epsagon"
    },
    {
      "id": "ExonLab",
      "label": "ExonLab",
      "url": "exon-lab"
    },
    {
      "id": "Exoscale",
      "label": "Exoscale",
      "url": "exoscale"
    },
    {
      "id": "F5 Networks",
      "label": "F5 Networks",
      "url": "f5-networks"
    },
    {
      "id": "Facebook",
      "label": "Facebook",
      "url": "facebook"
    },
    {
      "id": "Flynn",
      "label": "Flynn",
      "url": "flynn"
    },
    {
      "id": "Fn",
      "label": "Fn",
      "url": "fn"
    },
    {
      "id": "Foreman",
      "label": "Foreman",
      "url": "foreman"
    },
    {
      "id": "FOSSA",
      "label": "FOSSA",
      "url": "fossa"
    },
    {
      "id": "Fujitsu",
      "label": "Fujitsu",
      "url": "fujitsu"
    },
    {
      "id": "Galactic Fog",
      "label": "Galactic Fog",
      "url": "galactic-fog"
    },
    {
      "id": "Ghostcloud",
      "label": "Ghostcloud",
      "url": "ghostcloud"
    },
    {
      "id": "Giant Swarm",
      "label": "Giant Swarm",
      "url": "giant-swarm"
    },
    {
      "id": "GitLab",
      "label": "GitLab",
      "url": "git-lab"
    },
    {
      "id": "Google",
      "label": "Google",
      "url": "google"
    },
    {
      "id": "Grafana Labs",
      "label": "Grafana Labs",
      "url": "grafana-labs"
    },
    {
      "id": "Grafeas",
      "label": "Grafeas",
      "url": "grafeas"
    },
    {
      "id": "Graphite",
      "label": "Graphite",
      "url": "graphite"
    },
    {
      "id": "Gravitational",
      "label": "Gravitational",
      "url": "gravitational"
    },
    {
      "id": "Graylog",
      "label": "Graylog",
      "url": "graylog"
    },
    {
      "id": "Gremlin",
      "label": "Gremlin",
      "url": "gremlin"
    },
    {
      "id": "GuardiCore",
      "label": "GuardiCore",
      "url": "guardi-core"
    },
    {
      "id": "Gun.io",
      "label": "Gun.io",
      "url": "gun-io"
    },
    {
      "id": "Hainan eKing Technology",
      "label": "Hainan eKing Technology",
      "url": "hainan-e-king-technology"
    },
    {
      "id": "Hangzhou Harmony Technology",
      "label": "Hangzhou Harmony Technology",
      "url": "hangzhou-harmony-technology"
    },
    {
      "id": "HAProxy Technologies",
      "label": "HAProxy Technologies",
      "url": "ha-proxy-technologies"
    },
    {
      "id": "HashiCorp",
      "label": "HashiCorp",
      "url": "hashi-corp"
    },
    {
      "id": "Hasura",
      "label": "Hasura",
      "url": "hasura"
    },
    {
      "id": "Hazelcast",
      "label": "Hazelcast",
      "url": "hazelcast"
    },
    {
      "id": "Hedvig",
      "label": "Hedvig",
      "url": "hedvig"
    },
    {
      "id": "Heptio",
      "label": "Heptio",
      "url": "heptio"
    },
    {
      "id": "Hewlett Packard Enterprise",
      "label": "Hewlett Packard Enterprise",
      "url": "hewlett-packard-enterprise"
    },
    {
      "id": "Honeybadger",
      "label": "Honeybadger",
      "url": "honeybadger"
    },
    {
      "id": "Honeycomb",
      "label": "Honeycomb",
      "url": "honeycomb"
    },
    {
      "id": "Huawei",
      "label": "Huawei",
      "url": "huawei"
    },
    {
      "id": "Humio",
      "label": "Humio",
      "url": "humio"
    },
    {
      "id": "Hyper.sh",
      "label": "Hyper.sh",
      "url": "hyper-sh"
    },
    {
      "id": "IBM",
      "label": "IBM",
      "url": "ibm"
    },
    {
      "id": "Icinga",
      "label": "Icinga",
      "url": "icinga"
    },
    {
      "id": "iguazio",
      "label": "iguazio",
      "url": "iguazio"
    },
    {
      "id": "Improbable",
      "label": "Improbable",
      "url": "improbable"
    },
    {
      "id": "InfluxData",
      "label": "InfluxData",
      "url": "influx-data"
    },
    {
      "id": "Inspur",
      "label": "Inspur",
      "url": "inspur"
    },
    {
      "id": "Instana",
      "label": "Instana",
      "url": "instana"
    },
    {
      "id": "Intel",
      "label": "Intel",
      "url": "intel"
    },
    {
      "id": "Intersystems",
      "label": "Intersystems",
      "url": "intersystems"
    },
    {
      "id": "Intrinsic",
      "label": "Intrinsic",
      "url": "intrinsic"
    },
    {
      "id": "Intuit",
      "label": "Intuit",
      "url": "intuit"
    },
    {
      "id": "inwinSTACK",
      "label": "inwinSTACK",
      "url": "inwin-stack"
    },
    {
      "id": "IOpipe",
      "label": "IOpipe",
      "url": "i-opipe"
    },
    {
      "id": "Iron.io",
      "label": "Iron.io",
      "url": "iron-io"
    },
    {
      "id": "Istio",
      "label": "Istio",
      "url": "istio"
    },
    {
      "id": "JD.com",
      "label": "JD.com",
      "url": "jd-com"
    },
    {
      "id": "Jenkins CI",
      "label": "Jenkins CI",
      "url": "jenkins-ci"
    },
    {
      "id": "JetBrains",
      "label": "JetBrains",
      "url": "jet-brains"
    },
    {
      "id": "Jetstack",
      "label": "Jetstack",
      "url": "jetstack"
    },
    {
      "id": "JFrog",
      "label": "JFrog",
      "url": "j-frog"
    },
    {
      "id": "JHipster",
      "label": "JHipster",
      "url": "j-hipster"
    },
    {
      "id": "Joyent",
      "label": "Joyent",
      "url": "joyent"
    },
    {
      "id": "JS Foundation",
      "label": "JS Foundation",
      "url": "js-foundation"
    },
    {
      "id": "Kasten",
      "label": "Kasten",
      "url": "kasten"
    },
    {
      "id": "Kenzan",
      "label": "Kenzan",
      "url": "kenzan"
    },
    {
      "id": "Kinvolk",
      "label": "Kinvolk",
      "url": "kinvolk"
    },
    {
      "id": "Knative",
      "label": "Knative",
      "url": "knative"
    },
    {
      "id": "Kong",
      "label": "Kong",
      "url": "kong"
    },
    {
      "id": "Kontena",
      "label": "Kontena",
      "url": "kontena"
    },
    {
      "id": "Kubeless",
      "label": "Kubeless",
      "url": "kubeless"
    },
    {
      "id": "Kubernetes - The Easier Way",
      "label": "Kubernetes - The Easier Way",
      "url": "kubernetes-the-easier-way"
    },
    {
      "id": "KubeVirt",
      "label": "KubeVirt",
      "url": "kube-virt"
    },
    {
      "id": "Kubicorn",
      "label": "Kubicorn",
      "url": "kubicorn"
    },
    {
      "id": "Kublr",
      "label": "Kublr",
      "url": "kublr"
    },
    {
      "id": "Kumina",
      "label": "Kumina",
      "url": "kumina"
    },
    {
      "id": "Leo Project",
      "label": "Leo Project",
      "url": "leo-project"
    },
    {
      "id": "Librato",
      "label": "Librato",
      "url": "librato"
    },
    {
      "id": "Ligato",
      "label": "Ligato",
      "url": "ligato"
    },
    {
      "id": "Lightbend",
      "label": "Lightbend",
      "url": "lightbend"
    },
    {
      "id": "LightStep",
      "label": "LightStep",
      "url": "light-step"
    },
    {
      "id": "LiveWyer",
      "label": "LiveWyer",
      "url": "live-wyer"
    },
    {
      "id": "Loggly",
      "label": "Loggly",
      "url": "loggly"
    },
    {
      "id": "LogicMonitor",
      "label": "LogicMonitor",
      "url": "logic-monitor"
    },
    {
      "id": "Logz.io",
      "label": "Logz.io",
      "url": "logz-io"
    },
    {
      "id": "Loodse",
      "label": "Loodse",
      "url": "loodse"
    },
    {
      "id": "Loom Systems",
      "label": "Loom Systems",
      "url": "loom-systems"
    },
    {
      "id": "LunchBadger",
      "label": "LunchBadger",
      "url": "lunch-badger"
    },
    {
      "id": "Lyft",
      "label": "Lyft",
      "url": "lyft"
    },
    {
      "id": "ManageIQ",
      "label": "ManageIQ",
      "url": "manage-iq"
    },
    {
      "id": "MariaDB Corporation",
      "label": "MariaDB Corporation",
      "url": "maria-db-corporation"
    },
    {
      "id": "Matrix",
      "label": "Matrix",
      "url": "matrix"
    },
    {
      "id": "MemSQL",
      "label": "MemSQL",
      "url": "mem-sql"
    },
    {
      "id": "Mesosphere",
      "label": "Mesosphere",
      "url": "mesosphere"
    },
    {
      "id": "Metamarkets",
      "label": "Metamarkets",
      "url": "metamarkets"
    },
    {
      "id": "Microsoft",
      "label": "Microsoft",
      "url": "microsoft"
    },
    {
      "id": "MidoNet",
      "label": "MidoNet",
      "url": "mido-net"
    },
    {
      "id": "Minio",
      "label": "Minio",
      "url": "minio"
    },
    {
      "id": "Mirantis",
      "label": "Mirantis",
      "url": "mirantis"
    },
    {
      "id": "Mobilise Cloud",
      "label": "Mobilise Cloud",
      "url": "mobilise-cloud"
    },
    {
      "id": "MongoDB",
      "label": "MongoDB",
      "url": "mongo-db"
    },
    {
      "id": "MSys Technologies",
      "label": "MSys Technologies",
      "url": "m-sys-technologies"
    },
    {
      "id": "MuleSoft",
      "label": "MuleSoft",
      "url": "mule-soft"
    },
    {
      "id": "Nagios",
      "label": "Nagios",
      "url": "nagios"
    },
    {
      "id": "Naitways",
      "label": "Naitways",
      "url": "naitways"
    },
    {
      "id": "Nebulaworks",
      "label": "Nebulaworks",
      "url": "nebulaworks"
    },
    {
      "id": "Neo4j",
      "label": "Neo4j",
      "url": "neo4j"
    },
    {
      "id": "NetApp",
      "label": "NetApp",
      "url": "net-app"
    },
    {
      "id": "netdata",
      "label": "netdata",
      "url": "netdata"
    },
    {
      "id": "NetEase",
      "label": "NetEase",
      "url": "net-ease"
    },
    {
      "id": "Netflix",
      "label": "Netflix",
      "url": "netflix"
    },
    {
      "id": "Netlify",
      "label": "Netlify",
      "url": "netlify"
    },
    {
      "id": "NeuVector",
      "label": "NeuVector",
      "url": "neu-vector"
    },
    {
      "id": "New Context",
      "label": "New Context",
      "url": "new-context"
    },
    {
      "id": "New Relic",
      "label": "New Relic",
      "url": "new-relic"
    },
    {
      "id": "NexCloud",
      "label": "NexCloud",
      "url": "nex-cloud"
    },
    {
      "id": "NGINX",
      "label": "NGINX",
      "url": "nginx"
    },
    {
      "id": "Nirmata",
      "label": "Nirmata",
      "url": "nirmata"
    },
    {
      "id": "No Code",
      "label": "No Code",
      "url": "no-code"
    },
    {
      "id": "Node Lambda",
      "label": "Node Lambda",
      "url": "node-lambda"
    },
    {
      "id": "NodeSource",
      "label": "NodeSource",
      "url": "node-source"
    },
    {
      "id": "NTT Data",
      "label": "NTT Data",
      "url": "ntt-data"
    },
    {
      "id": "Nuage Networks",
      "label": "Nuage Networks",
      "url": "nuage-networks"
    },
    {
      "id": "Nutanix",
      "label": "Nutanix",
      "url": "nutanix"
    },
    {
      "id": "Octarine",
      "label": "Octarine",
      "url": "octarine"
    },
    {
      "id": "OCTO Technology",
      "label": "OCTO Technology",
      "url": "octo-technology"
    },
    {
      "id": "Octopus Deploy",
      "label": "Octopus Deploy",
      "url": "octopus-deploy"
    },
    {
      "id": "On-Prem",
      "label": "On-Prem",
      "url": "on-prem"
    },
    {
      "id": "Open API Initiative",
      "label": "Open API Initiative",
      "url": "open-api-initiative"
    },
    {
      "id": "Open Container Initiative (OCI)",
      "label": "Open Container Initiative (OCI)",
      "url": "open-container-initiative-oci"
    },
    {
      "id": "Open vSwitch",
      "label": "Open vSwitch",
      "url": "open-v-switch"
    },
    {
      "id": "OpenEBS",
      "label": "OpenEBS",
      "url": "open-ebs"
    },
    {
      "id": "OpenFaaS",
      "label": "OpenFaaS",
      "url": "open-faa-s"
    },
    {
      "id": "OpenIO",
      "label": "OpenIO",
      "url": "open-io"
    },
    {
      "id": "OpenSDS",
      "label": "OpenSDS",
      "url": "open-sds"
    },
    {
      "id": "Opensense",
      "label": "Opensense",
      "url": "opensense"
    },
    {
      "id": "OpenStack",
      "label": "OpenStack",
      "url": "open-stack"
    },
    {
      "id": "OpenTSDB",
      "label": "OpenTSDB",
      "url": "open-tsdb"
    },
    {
      "id": "OpsGenie",
      "label": "OpsGenie",
      "url": "ops-genie"
    },
    {
      "id": "Oracle",
      "label": "Oracle",
      "url": "oracle"
    },
    {
      "id": "Origoss Solutions",
      "label": "Origoss Solutions",
      "url": "origoss-solutions"
    },
    {
      "id": "ORY",
      "label": "ORY",
      "url": "ory"
    },
    {
      "id": "Oteemo",
      "label": "Oteemo",
      "url": "oteemo"
    },
    {
      "id": "Outlyer",
      "label": "Outlyer",
      "url": "outlyer"
    },
    {
      "id": "Overclock Labs",
      "label": "Overclock Labs",
      "url": "overclock-labs"
    },
    {
      "id": "OVH.com",
      "label": "OVH.com",
      "url": "ovh-com"
    },
    {
      "id": "Pachyderm",
      "label": "Pachyderm",
      "url": "pachyderm"
    },
    {
      "id": "Packet",
      "label": "Packet",
      "url": "packet"
    },
    {
      "id": "Percona",
      "label": "Percona",
      "url": "percona"
    },
    {
      "id": "Pilosa",
      "label": "Pilosa",
      "url": "pilosa"
    },
    {
      "id": "PingCAP",
      "label": "PingCAP",
      "url": "ping-cap"
    },
    {
      "id": "Pinterest",
      "label": "Pinterest",
      "url": "pinterest"
    },
    {
      "id": "PipelineAI",
      "label": "PipelineAI",
      "url": "pipeline-ai"
    },
    {
      "id": "Pivotal",
      "label": "Pivotal",
      "url": "pivotal"
    },
    {
      "id": "Platform.sh",
      "label": "Platform.sh",
      "url": "platform-sh"
    },
    {
      "id": "Platform9",
      "label": "Platform9",
      "url": "platform9"
    },
    {
      "id": "Polytechnic University of Valencia",
      "label": "Polytechnic University of Valencia",
      "url": "polytechnic-university-of-valencia"
    },
    {
      "id": "Portainer",
      "label": "Portainer",
      "url": "portainer"
    },
    {
      "id": "Portworx",
      "label": "Portworx",
      "url": "portworx"
    },
    {
      "id": "Poseidon",
      "label": "Poseidon",
      "url": "poseidon"
    },
    {
      "id": "PostgreSQL",
      "label": "PostgreSQL",
      "url": "postgre-sql"
    },
    {
      "id": "Praqma",
      "label": "Praqma",
      "url": "praqma"
    },
    {
      "id": "PRODYNA",
      "label": "PRODYNA",
      "url": "prodyna"
    },
    {
      "id": "Protego Labs",
      "label": "Protego Labs",
      "url": "protego-labs"
    },
    {
      "id": "PubNub",
      "label": "PubNub",
      "url": "pub-nub"
    },
    {
      "id": "Pulumi Corporation",
      "label": "Pulumi Corporation",
      "url": "pulumi-corporation"
    },
    {
      "id": "Puppet",
      "label": "Puppet",
      "url": "puppet"
    },
    {
      "id": "Pure Storage",
      "label": "Pure Storage",
      "url": "pure-storage"
    },
    {
      "id": "PureSec",
      "label": "PureSec",
      "url": "pure-sec"
    },
    {
      "id": "Qiniu",
      "label": "Qiniu",
      "url": "qiniu"
    },
    {
      "id": "Qubole",
      "label": "Qubole",
      "url": "qubole"
    },
    {
      "id": "Quobyte",
      "label": "Quobyte",
      "url": "quobyte"
    },
    {
      "id": "Rabbit Technologies",
      "label": "Rabbit Technologies",
      "url": "rabbit-technologies"
    },
    {
      "id": "RackN",
      "label": "RackN",
      "url": "rack-n"
    },
    {
      "id": "Rackspace",
      "label": "Rackspace",
      "url": "rackspace"
    },
    {
      "id": "Rancher Labs",
      "label": "Rancher Labs",
      "url": "rancher-labs"
    },
    {
      "id": "ReactiveOps",
      "label": "ReactiveOps",
      "url": "reactive-ops"
    },
    {
      "id": "Red Hat",
      "label": "Red Hat",
      "url": "red-hat"
    },
    {
      "id": "Redis Labs",
      "label": "Redis Labs",
      "url": "redis-labs"
    },
    {
      "id": "Robin Systems",
      "label": "Robin Systems",
      "url": "robin-systems"
    },
    {
      "id": "Romana",
      "label": "Romana",
      "url": "romana"
    },
    {
      "id": "Rundeck",
      "label": "Rundeck",
      "url": "rundeck"
    },
    {
      "id": "RX-M",
      "label": "RX-M",
      "url": "rx-m"
    },
    {
      "id": "Salesforce",
      "label": "Salesforce",
      "url": "salesforce"
    },
    {
      "id": "SaltStack",
      "label": "SaltStack",
      "url": "salt-stack"
    },
    {
      "id": "Samsung SDS",
      "label": "Samsung SDS",
      "url": "samsung-sds"
    },
    {
      "id": "SAP",
      "label": "SAP",
      "url": "sap"
    },
    {
      "id": "Scalingo",
      "label": "Scalingo",
      "url": "scalingo"
    },
    {
      "id": "Scality",
      "label": "Scality",
      "url": "scality"
    },
    {
      "id": "Scalyr",
      "label": "Scalyr",
      "url": "scalyr"
    },
    {
      "id": "ScyllaDB",
      "label": "ScyllaDB",
      "url": "scylla-db"
    },
    {
      "id": "SemaphoreCI",
      "label": "SemaphoreCI",
      "url": "semaphore-ci"
    },
    {
      "id": "Sematext",
      "label": "Sematext",
      "url": "sematext"
    },
    {
      "id": "Sensu",
      "label": "Sensu",
      "url": "sensu"
    },
    {
      "id": "Sentry",
      "label": "Sentry",
      "url": "sentry"
    },
    {
      "id": "Serverless",
      "label": "Serverless",
      "url": "serverless"
    },
    {
      "id": "Shippable",
      "label": "Shippable",
      "url": "shippable"
    },
    {
      "id": "SignalFx",
      "label": "SignalFx",
      "url": "signal-fx"
    },
    {
      "id": "Simple Contacts",
      "label": "Simple Contacts",
      "url": "simple-contacts"
    },
    {
      "id": "SLAppForge",
      "label": "SLAppForge",
      "url": "sl-app-forge"
    },
    {
      "id": "Snowflake Computing",
      "label": "Snowflake Computing",
      "url": "snowflake-computing"
    },
    {
      "id": "Snyk",
      "label": "Snyk",
      "url": "snyk"
    },
    {
      "id": "SoftServe",
      "label": "SoftServe",
      "url": "soft-serve"
    },
    {
      "id": "Software AG",
      "label": "Software AG",
      "url": "software-ag"
    },
    {
      "id": "SolarWinds",
      "label": "SolarWinds",
      "url": "solar-winds"
    },
    {
      "id": "Solo.io",
      "label": "Solo.io",
      "url": "solo-io"
    },
    {
      "id": "Sonatype",
      "label": "Sonatype",
      "url": "sonatype"
    },
    {
      "id": "Sorint.Lab",
      "label": "Sorint.Lab",
      "url": "sorint-lab"
    },
    {
      "id": "Sparta",
      "label": "Sparta",
      "url": "sparta"
    },
    {
      "id": "Splunk",
      "label": "Splunk",
      "url": "splunk"
    },
    {
      "id": "Spotinst",
      "label": "Spotinst",
      "url": "spotinst"
    },
    {
      "id": "Square",
      "label": "Square",
      "url": "square"
    },
    {
      "id": "Stackery",
      "label": "Stackery",
      "url": "stackery"
    },
    {
      "id": "StackPointCloud",
      "label": "StackPointCloud",
      "url": "stack-point-cloud"
    },
    {
      "id": "StackRox",
      "label": "StackRox",
      "url": "stack-rox"
    },
    {
      "id": "StackState",
      "label": "StackState",
      "url": "stack-state"
    },
    {
      "id": "StackStorm",
      "label": "StackStorm",
      "url": "stack-storm"
    },
    {
      "id": "Standard Library",
      "label": "Standard Library",
      "url": "standard-library"
    },
    {
      "id": "Starburst",
      "label": "Starburst",
      "url": "starburst"
    },
    {
      "id": "StorageOS",
      "label": "StorageOS",
      "url": "storage-os"
    },
    {
      "id": "Stratoscale",
      "label": "Stratoscale",
      "url": "stratoscale"
    },
    {
      "id": "StreamSets",
      "label": "StreamSets",
      "url": "stream-sets"
    },
    {
      "id": "Sumo Logic",
      "label": "Sumo Logic",
      "url": "sumo-logic"
    },
    {
      "id": "Supergiant",
      "label": "Supergiant",
      "url": "supergiant"
    },
    {
      "id": "SUSE",
      "label": "SUSE",
      "url": "suse"
    },
    {
      "id": "Sylabs",
      "label": "Sylabs",
      "url": "sylabs"
    },
    {
      "id": "Synopsys",
      "label": "Synopsys",
      "url": "synopsys"
    },
    {
      "id": "Sysdig",
      "label": "Sysdig",
      "url": "sysdig"
    },
    {
      "id": "SysEleven",
      "label": "SysEleven",
      "url": "sys-eleven"
    },
    {
      "id": "Talend",
      "label": "Talend",
      "url": "talend"
    },
    {
      "id": "Tencent Holdings",
      "label": "Tencent Holdings",
      "url": "tencent-holdings"
    },
    {
      "id": "TenxCloud",
      "label": "TenxCloud",
      "url": "tenx-cloud"
    },
    {
      "id": "teutoStack",
      "label": "teutoStack",
      "url": "teuto-stack"
    },
    {
      "id": "The Linux Foundation",
      "label": "The Linux Foundation",
      "url": "the-linux-foundation"
    },
    {
      "id": "Thoughtworks",
      "label": "Thoughtworks",
      "url": "thoughtworks"
    },
    {
      "id": "Tibco Software",
      "label": "Tibco Software",
      "url": "tibco-software"
    },
    {
      "id": "Tidu",
      "label": "Tidu",
      "url": "tidu"
    },
    {
      "id": "Tigera",
      "label": "Tigera",
      "url": "tigera"
    },
    {
      "id": "Tingyun",
      "label": "Tingyun",
      "url": "tingyun"
    },
    {
      "id": "Transwarp",
      "label": "Transwarp",
      "url": "transwarp"
    },
    {
      "id": "Travis CI",
      "label": "Travis CI",
      "url": "travis-ci"
    },
    {
      "id": "Treasure Data",
      "label": "Treasure Data",
      "url": "treasure-data"
    },
    {
      "id": "Tsuru",
      "label": "Tsuru",
      "url": "tsuru"
    },
    {
      "id": "Tungsten Fabric",
      "label": "Tungsten Fabric",
      "url": "tungsten-fabric"
    },
    {
      "id": "Tuxera",
      "label": "Tuxera",
      "url": "tuxera"
    },
    {
      "id": "Twilio",
      "label": "Twilio",
      "url": "twilio"
    },
    {
      "id": "Twistlock",
      "label": "Twistlock",
      "url": "twistlock"
    },
    {
      "id": "Tyk",
      "label": "Tyk",
      "url": "tyk"
    },
    {
      "id": "Univa",
      "label": "Univa",
      "url": "univa"
    },
    {
      "id": "Vamp",
      "label": "Vamp",
      "url": "vamp"
    },
    {
      "id": "Vertica Systems",
      "label": "Vertica Systems",
      "url": "vertica-systems"
    },
    {
      "id": "VMware",
      "label": "VMware",
      "url": "v-mware"
    },
    {
      "id": "Wavefront",
      "label": "Wavefront",
      "url": "wavefront"
    },
    {
      "id": "WaveMaker",
      "label": "WaveMaker",
      "url": "wave-maker"
    },
    {
      "id": "Weaveworks",
      "label": "Weaveworks",
      "url": "weaveworks"
    },
    {
      "id": "WhiteSource",
      "label": "WhiteSource",
      "url": "white-source"
    },
    {
      "id": "Wise2c Technology",
      "label": "Wise2c Technology",
      "url": "wise2c-technology"
    },
    {
      "id": "WOQU Technology",
      "label": "WOQU Technology",
      "url": "woqu-technology"
    },
    {
      "id": "XebiaLabs",
      "label": "XebiaLabs",
      "url": "xebia-labs"
    },
    {
      "id": "Yelp",
      "label": "Yelp",
      "url": "yelp"
    },
    {
      "id": "Yipee.io",
      "label": "Yipee.io",
      "url": "yipee-io"
    },
    {
      "id": "YugaByte",
      "label": "YugaByte",
      "url": "yuga-byte"
    },
    {
      "id": "Zeit",
      "label": "Zeit",
      "url": "zeit"
    },
    {
      "id": "Zipkin",
      "label": "Zipkin",
      "url": "zipkin"
    },
    {
      "id": "ZTE",
      "label": "ZTE",
      "url": "zte"
    }
  ],
  "landscape": [
    {
      "id": "Cloud",
      "label": "Cloud",
      "url": "cloud",
      "level": 1,
      "children": [
        "Cloud / Public"
      ]
    },
    {
      "id": "Cloud / Public",
      "parentId": "Cloud",
      "label": "Public",
      "groupingLabel": "Cloud - Public",
      "url": "public",
      "level": 2
    },
    {
      "id": "Provisioning",
      "label": "Provisioning",
      "url": "provisioning",
      "level": 1,
      "children": [
        "Provisioning / Automation & Configuration",
        "Provisioning / Container Registries",
        "Provisioning / Security & Compliance",
        "Provisioning / Key Management"
      ]
    },
    {
      "id": "Provisioning / Automation & Configuration",
      "parentId": "Provisioning",
      "label": "Automation & Configuration",
      "groupingLabel": "Provisioning - Automation & Configuration",
      "url": "automation-configuration",
      "level": 2
    },
    {
      "id": "Provisioning / Container Registries",
      "parentId": "Provisioning",
      "label": "Container Registries",
      "groupingLabel": "Provisioning - Container Registries",
      "url": "container-registries",
      "level": 2
    },
    {
      "id": "Provisioning / Security & Compliance",
      "parentId": "Provisioning",
      "label": "Security & Compliance",
      "groupingLabel": "Provisioning - Security & Compliance",
      "url": "security-compliance",
      "level": 2
    },
    {
      "id": "Provisioning / Key Management",
      "parentId": "Provisioning",
      "label": "Key Management",
      "groupingLabel": "Provisioning - Key Management",
      "url": "key-management",
      "level": 2
    },
    {
      "id": "Runtime",
      "label": "Runtime",
      "url": "runtime",
      "level": 1,
      "children": [
        "Runtime / Cloud-Native Storage",
        "Runtime / Container Runtime",
        "Runtime / Cloud-Native Network"
      ]
    },
    {
      "id": "Runtime / Cloud-Native Storage",
      "parentId": "Runtime",
      "label": "Cloud-Native Storage",
      "groupingLabel": "Runtime - Cloud-Native Storage",
      "url": "cloud-native-storage",
      "level": 2
    },
    {
      "id": "Runtime / Container Runtime",
      "parentId": "Runtime",
      "label": "Container Runtime",
      "groupingLabel": "Runtime - Container Runtime",
      "url": "container-runtime",
      "level": 2
    },
    {
      "id": "Runtime / Cloud-Native Network",
      "parentId": "Runtime",
      "label": "Cloud-Native Network",
      "groupingLabel": "Runtime - Cloud-Native Network",
      "url": "cloud-native-network",
      "level": 2
    },
    {
      "id": "Orchestration & Management",
      "label": "Orchestration & Management",
      "url": "orchestration-management",
      "level": 1,
      "children": [
        "Orchestration & Management / Scheduling & Orchestration",
        "Orchestration & Management / Coordination & Service Discovery",
        "Orchestration & Management / Remote Procedure Call",
        "Orchestration & Management / Service Proxy",
        "Orchestration & Management / API Gateway",
        "Orchestration & Management / Service Mesh"
      ]
    },
    {
      "id": "Orchestration & Management / Scheduling & Orchestration",
      "parentId": "Orchestration & Management",
      "label": "Scheduling & Orchestration",
      "groupingLabel": "Orchestration & Management - Scheduling & Orchestration",
      "url": "scheduling-orchestration",
      "level": 2
    },
    {
      "id": "Orchestration & Management / Coordination & Service Discovery",
      "parentId": "Orchestration & Management",
      "label": "Coordination & Service Discovery",
      "groupingLabel": "Orchestration & Management - Coordination & Service Discovery",
      "url": "coordination-service-discovery",
      "level": 2
    },
    {
      "id": "Orchestration & Management / Remote Procedure Call",
      "parentId": "Orchestration & Management",
      "label": "Remote Procedure Call",
      "groupingLabel": "Orchestration & Management - Remote Procedure Call",
      "url": "remote-procedure-call",
      "level": 2
    },
    {
      "id": "Orchestration & Management / Service Proxy",
      "parentId": "Orchestration & Management",
      "label": "Service Proxy",
      "groupingLabel": "Orchestration & Management - Service Proxy",
      "url": "service-proxy",
      "level": 2
    },
    {
      "id": "Orchestration & Management / API Gateway",
      "parentId": "Orchestration & Management",
      "label": "API Gateway",
      "groupingLabel": "Orchestration & Management - API Gateway",
      "url": "api-gateway",
      "level": 2
    },
    {
      "id": "Orchestration & Management / Service Mesh",
      "parentId": "Orchestration & Management",
      "label": "Service Mesh",
      "groupingLabel": "Orchestration & Management - Service Mesh",
      "url": "service-mesh",
      "level": 2
    },
    {
      "id": "App Definition and Development",
      "label": "App Definition and Development",
      "url": "app-definition-and-development",
      "level": 1,
      "children": [
        "App Definition and Development / Database",
        "App Definition and Development / Streaming & Messaging",
        "App Definition and Development / Application Definition & Image Build",
        "App Definition and Development / Continuous Integration & Delivery"
      ]
    },
    {
      "id": "App Definition and Development / Database",
      "parentId": "App Definition and Development",
      "label": "Database",
      "groupingLabel": "App Definition and Development - Database",
      "url": "database",
      "level": 2
    },
    {
      "id": "App Definition and Development / Streaming & Messaging",
      "parentId": "App Definition and Development",
      "label": "Streaming & Messaging",
      "groupingLabel": "App Definition and Development - Streaming & Messaging",
      "url": "streaming-messaging",
      "level": 2
    },
    {
      "id": "App Definition and Development / Application Definition & Image Build",
      "parentId": "App Definition and Development",
      "label": "Application Definition & Image Build",
      "groupingLabel": "App Definition and Development - Application Definition & Image Build",
      "url": "application-definition-image-build",
      "level": 2
    },
    {
      "id": "App Definition and Development / Continuous Integration & Delivery",
      "parentId": "App Definition and Development",
      "label": "Continuous Integration & Delivery",
      "groupingLabel": "App Definition and Development - Continuous Integration & Delivery",
      "url": "continuous-integration-delivery",
      "level": 2
    },
    {
      "id": "Platform",
      "label": "Platform",
      "url": "platform",
      "level": 1,
      "children": [
        "Platform / Certified Kubernetes - Distribution",
        "Platform / Certified Kubernetes - Hosted",
        "Platform / Certified Kubernetes - Installer",
        "Platform / Non-Certified Kubernetes",
        "Platform / PaaS/Container Service"
      ]
    },
    {
      "id": "Platform / Certified Kubernetes - Distribution",
      "parentId": "Platform",
      "label": "Certified Kubernetes - Distribution",
      "groupingLabel": "Platform - Certified Kubernetes - Distribution",
      "url": "certified-kubernetes-distribution",
      "level": 2
    },
    {
      "id": "Platform / Certified Kubernetes - Hosted",
      "parentId": "Platform",
      "label": "Certified Kubernetes - Hosted",
      "groupingLabel": "Platform - Certified Kubernetes - Hosted",
      "url": "certified-kubernetes-hosted",
      "level": 2
    },
    {
      "id": "Platform / Certified Kubernetes - Installer",
      "parentId": "Platform",
      "label": "Certified Kubernetes - Installer",
      "groupingLabel": "Platform - Certified Kubernetes - Installer",
      "url": "certified-kubernetes-installer",
      "level": 2
    },
    {
      "id": "Platform / Non-Certified Kubernetes",
      "parentId": "Platform",
      "label": "Non-Certified Kubernetes",
      "groupingLabel": "Platform - Non-Certified Kubernetes",
      "url": "non-certified-kubernetes",
      "level": 2
    },
    {
      "id": "Platform / PaaS/Container Service",
      "parentId": "Platform",
      "label": "PaaS/Container Service",
      "groupingLabel": "Platform - PaaS/Container Service",
      "url": "paa-s-container-service",
      "level": 2
    },
    {
      "id": "Serverless",
      "label": "Serverless",
      "url": "serverless",
      "level": 1,
      "children": [
        "Serverless / Security",
        "Serverless / Tools",
        "Serverless / Framework",
        "Serverless / Hosted Platform",
        "Serverless / Installable Platform"
      ]
    },
    {
      "id": "Serverless / Security",
      "parentId": "Serverless",
      "label": "Security",
      "groupingLabel": "Serverless - Security",
      "url": "security",
      "level": 2
    },
    {
      "id": "Serverless / Tools",
      "parentId": "Serverless",
      "label": "Tools",
      "groupingLabel": "Serverless - Tools",
      "url": "tools",
      "level": 2
    },
    {
      "id": "Serverless / Framework",
      "parentId": "Serverless",
      "label": "Framework",
      "groupingLabel": "Serverless - Framework",
      "url": "framework",
      "level": 2
    },
    {
      "id": "Serverless / Hosted Platform",
      "parentId": "Serverless",
      "label": "Hosted Platform",
      "groupingLabel": "Serverless - Hosted Platform",
      "url": "hosted-platform",
      "level": 2
    },
    {
      "id": "Serverless / Installable Platform",
      "parentId": "Serverless",
      "label": "Installable Platform",
      "groupingLabel": "Serverless - Installable Platform",
      "url": "installable-platform",
      "level": 2
    },
    {
      "id": "Observability and Analysis",
      "label": "Observability and Analysis",
      "url": "observability-and-analysis",
      "level": 1,
      "children": [
        "Observability and Analysis / Monitoring",
        "Observability and Analysis / Logging",
        "Observability and Analysis / Tracing",
        "Observability and Analysis / Chaos Engineering"
      ]
    },
    {
      "id": "Observability and Analysis / Monitoring",
      "parentId": "Observability and Analysis",
      "label": "Monitoring",
      "groupingLabel": "Observability and Analysis - Monitoring",
      "url": "monitoring",
      "level": 2
    },
    {
      "id": "Observability and Analysis / Logging",
      "parentId": "Observability and Analysis",
      "label": "Logging",
      "groupingLabel": "Observability and Analysis - Logging",
      "url": "logging",
      "level": 2
    },
    {
      "id": "Observability and Analysis / Tracing",
      "parentId": "Observability and Analysis",
      "label": "Tracing",
      "groupingLabel": "Observability and Analysis - Tracing",
      "url": "tracing",
      "level": 2
    },
    {
      "id": "Observability and Analysis / Chaos Engineering",
      "parentId": "Observability and Analysis",
      "label": "Chaos Engineering",
      "groupingLabel": "Observability and Analysis - Chaos Engineering",
      "url": "chaos-engineering",
      "level": 2
    },
    {
      "id": "Special",
      "label": "Special",
      "url": "special",
      "level": 1,
      "children": [
        "Special / Kubernetes Certified Service Provider",
        "Special / Kubernetes Training Partner"
      ]
    },
    {
      "id": "Special / Kubernetes Certified Service Provider",
      "parentId": "Special",
      "label": "Kubernetes Certified Service Provider",
      "groupingLabel": "Special - Kubernetes Certified Service Provider",
      "url": "kubernetes-certified-service-provider",
      "level": 2
    },
    {
      "id": "Special / Kubernetes Training Partner",
      "parentId": "Special",
      "label": "Kubernetes Training Partner",
      "groupingLabel": "Special - Kubernetes Training Partner",
      "url": "kubernetes-training-partner",
      "level": 2
    }
  ],
  "license": [
    {
      "id": "Open Source",
      "label": "Open Source",
      "url": "open-source",
      "level": 1,
      "children": [
        "Apache License 2.0",
        "BSD 2-Clause \"Simplified\" License",
        "BSD 3-Clause \"New\" or \"Revised\" License",
        "GNU Affero General Public License v3.0",
        "GNU General Public License v2.0",
        "GNU General Public License v3.0",
        "GNU Lesser General Public License v2.1",
        "GNU Lesser General Public License v3.0",
        "ISC License",
        "MIT License",
        "Mozilla Public License 2.0",
        "Other",
        "Unknown License",
        "zlib License"
      ]
    },
    {
      "id": "Apache License 2.0",
      "label": "Apache License 2.0",
      "url": "apache-license-2-0",
      "parentId": "Open Source",
      "level": 2
    },
    {
      "id": "BSD 2-Clause \"Simplified\" License",
      "label": "BSD 2-Clause \"Simplified\" License",
      "url": "bsd-2-clause-simplified-license",
      "parentId": "Open Source",
      "level": 2
    },
    {
      "id": "BSD 3-Clause \"New\" or \"Revised\" License",
      "label": "BSD 3-Clause \"New\" or \"Revised\" License",
      "url": "bsd-3-clause-new-or-revised-license",
      "parentId": "Open Source",
      "level": 2
    },
    {
      "id": "GNU Affero General Public License v3.0",
      "label": "GNU Affero General Public License v3.0",
      "url": "gnu-affero-general-public-license-v3-0",
      "parentId": "Open Source",
      "level": 2
    },
    {
      "id": "GNU General Public License v2.0",
      "label": "GNU General Public License v2.0",
      "url": "gnu-general-public-license-v2-0",
      "parentId": "Open Source",
      "level": 2
    },
    {
      "id": "GNU General Public License v3.0",
      "label": "GNU General Public License v3.0",
      "url": "gnu-general-public-license-v3-0",
      "parentId": "Open Source",
      "level": 2
    },
    {
      "id": "GNU Lesser General Public License v2.1",
      "label": "GNU Lesser General Public License v2.1",
      "url": "gnu-lesser-general-public-license-v2-1",
      "parentId": "Open Source",
      "level": 2
    },
    {
      "id": "GNU Lesser General Public License v3.0",
      "label": "GNU Lesser General Public License v3.0",
      "url": "gnu-lesser-general-public-license-v3-0",
      "parentId": "Open Source",
      "level": 2
    },
    {
      "id": "ISC License",
      "label": "ISC License",
      "url": "isc-license",
      "parentId": "Open Source",
      "level": 2
    },
    {
      "id": "MIT License",
      "label": "MIT License",
      "url": "mit-license",
      "parentId": "Open Source",
      "level": 2
    },
    {
      "id": "Mozilla Public License 2.0",
      "label": "Mozilla Public License 2.0",
      "url": "mozilla-public-license-2-0",
      "parentId": "Open Source",
      "level": 2
    },
    {
      "id": "Other",
      "label": "Other",
      "url": "other",
      "parentId": "Open Source",
      "level": 2
    },
    {
      "id": "Unknown License",
      "label": "Unknown License",
      "url": "unknown-license",
      "parentId": "Open Source",
      "level": 2
    },
    {
      "id": "zlib License",
      "label": "zlib License",
      "url": "zlib-license",
      "parentId": "Open Source",
      "level": 2
    },
    {
      "id": "NotOpenSource",
      "label": "Not Open Source",
      "url": "not-open-source",
      "level": 1,
      "children": []
    }
  ],
  "headquarters": [
    {
      "id": "Australia",
      "label": "Australia",
      "url": "australia",
      "level": 1,
      "children": [
        "Sydney, Australia",
        "Fitzroy, Australia",
        "Brisbane, Australia"
      ]
    },
    {
      "id": "Brisbane, Australia",
      "label": "Brisbane",
      "groupingLabel": "Brisbane, Australia",
      "url": "brisbane-australia",
      "level": 2,
      "parentId": "Australia"
    },
    {
      "id": "Fitzroy, Australia",
      "label": "Fitzroy",
      "groupingLabel": "Fitzroy, Australia",
      "url": "fitzroy-australia",
      "level": 2,
      "parentId": "Australia"
    },
    {
      "id": "Sydney, Australia",
      "label": "Sydney",
      "groupingLabel": "Sydney, Australia",
      "url": "sydney-australia",
      "level": 2,
      "parentId": "Australia"
    },
    {
      "id": "Austria",
      "label": "Austria",
      "url": "austria",
      "level": 1,
      "children": [
        "Graz, Austria"
      ]
    },
    {
      "id": "Graz, Austria",
      "label": "Graz",
      "groupingLabel": "Graz, Austria",
      "url": "graz-austria",
      "level": 2,
      "parentId": "Austria"
    },
    {
      "id": "Brazil",
      "label": "Brazil",
      "url": "brazil",
      "level": 1,
      "children": [
        "Rio De Janeiro, Brazil"
      ]
    },
    {
      "id": "Rio De Janeiro, Brazil",
      "label": "Rio De Janeiro",
      "groupingLabel": "Rio De Janeiro, Brazil",
      "url": "rio-de-janeiro-brazil",
      "level": 2,
      "parentId": "Brazil"
    },
    {
      "id": "Canada",
      "label": "Canada",
      "url": "canada",
      "level": 1,
      "children": [
        "Vancouver, Canada",
        "Victoria, Canada",
        "Montral, Canada"
      ]
    },
    {
      "id": "Montral, Canada",
      "label": "Montral",
      "groupingLabel": "Montral, Canada",
      "url": "montral-canada",
      "level": 2,
      "parentId": "Canada"
    },
    {
      "id": "Vancouver, Canada",
      "label": "Vancouver",
      "groupingLabel": "Vancouver, Canada",
      "url": "vancouver-canada",
      "level": 2,
      "parentId": "Canada"
    },
    {
      "id": "Victoria, Canada",
      "label": "Victoria",
      "groupingLabel": "Victoria, Canada",
      "url": "victoria-canada",
      "level": 2,
      "parentId": "Canada"
    },
    {
      "id": "China",
      "label": "China",
      "url": "china",
      "level": 1,
      "children": [
        "Hangzhou, China",
        "Beijing, China",
        "Shenzhen, China",
        "Haidian, China",
        "Shanghai, China",
        "Jinan, China",
        "Taipei, China",
        "Suzhou, China",
        "Haikou, China",
        "Chengdu, China",
        "Changsha, China"
      ]
    },
    {
      "id": "Beijing, China",
      "label": "Beijing",
      "groupingLabel": "Beijing, China",
      "url": "beijing-china",
      "level": 2,
      "parentId": "China"
    },
    {
      "id": "Changsha, China",
      "label": "Changsha",
      "groupingLabel": "Changsha, China",
      "url": "changsha-china",
      "level": 2,
      "parentId": "China"
    },
    {
      "id": "Chengdu, China",
      "label": "Chengdu",
      "groupingLabel": "Chengdu, China",
      "url": "chengdu-china",
      "level": 2,
      "parentId": "China"
    },
    {
      "id": "Haidian, China",
      "label": "Haidian",
      "groupingLabel": "Haidian, China",
      "url": "haidian-china",
      "level": 2,
      "parentId": "China"
    },
    {
      "id": "Haikou, China",
      "label": "Haikou",
      "groupingLabel": "Haikou, China",
      "url": "haikou-china",
      "level": 2,
      "parentId": "China"
    },
    {
      "id": "Hangzhou, China",
      "label": "Hangzhou",
      "groupingLabel": "Hangzhou, China",
      "url": "hangzhou-china",
      "level": 2,
      "parentId": "China"
    },
    {
      "id": "Jinan, China",
      "label": "Jinan",
      "groupingLabel": "Jinan, China",
      "url": "jinan-china",
      "level": 2,
      "parentId": "China"
    },
    {
      "id": "Shanghai, China",
      "label": "Shanghai",
      "groupingLabel": "Shanghai, China",
      "url": "shanghai-china",
      "level": 2,
      "parentId": "China"
    },
    {
      "id": "Shenzhen, China",
      "label": "Shenzhen",
      "groupingLabel": "Shenzhen, China",
      "url": "shenzhen-china",
      "level": 2,
      "parentId": "China"
    },
    {
      "id": "Suzhou, China",
      "label": "Suzhou",
      "groupingLabel": "Suzhou, China",
      "url": "suzhou-china",
      "level": 2,
      "parentId": "China"
    },
    {
      "id": "Taipei, China",
      "label": "Taipei",
      "groupingLabel": "Taipei, China",
      "url": "taipei-china",
      "level": 2,
      "parentId": "China"
    },
    {
      "id": "Czech Republic",
      "label": "Czech Republic",
      "url": "czech-republic",
      "level": 1,
      "children": [
        "Prague, Czech Republic"
      ]
    },
    {
      "id": "Prague, Czech Republic",
      "label": "Prague",
      "groupingLabel": "Prague, Czech Republic",
      "url": "prague-czech-republic",
      "level": 2,
      "parentId": "Czech Republic"
    },
    {
      "id": "Estonia",
      "label": "Estonia",
      "url": "estonia",
      "level": 1,
      "children": [
        "Tallinn, Estonia"
      ]
    },
    {
      "id": "Tallinn, Estonia",
      "label": "Tallinn",
      "groupingLabel": "Tallinn, Estonia",
      "url": "tallinn-estonia",
      "level": 2,
      "parentId": "Estonia"
    },
    {
      "id": "Finland",
      "label": "Finland",
      "url": "finland",
      "level": 1,
      "children": [
        "Helsinki, Finland",
        "Espoo, Finland"
      ]
    },
    {
      "id": "Espoo, Finland",
      "label": "Espoo",
      "groupingLabel": "Espoo, Finland",
      "url": "espoo-finland",
      "level": 2,
      "parentId": "Finland"
    },
    {
      "id": "Helsinki, Finland",
      "label": "Helsinki",
      "groupingLabel": "Helsinki, Finland",
      "url": "helsinki-finland",
      "level": 2,
      "parentId": "Finland"
    },
    {
      "id": "France",
      "label": "France",
      "url": "france",
      "level": 1,
      "children": [
        "Hem, France",
        "Lyon, France",
        "Paris, France",
        "Strasbourg, France",
        "Issy-les-moulineaux, France",
        "Levallois-perret, France"
      ]
    },
    {
      "id": "Hem, France",
      "label": "Hem",
      "groupingLabel": "Hem, France",
      "url": "hem-france",
      "level": 2,
      "parentId": "France"
    },
    {
      "id": "Issy-les-moulineaux, France",
      "label": "Issy-les-moulineaux",
      "groupingLabel": "Issy-les-moulineaux, France",
      "url": "issy-les-moulineaux-france",
      "level": 2,
      "parentId": "France"
    },
    {
      "id": "Levallois-perret, France",
      "label": "Levallois-perret",
      "groupingLabel": "Levallois-perret, France",
      "url": "levallois-perret-france",
      "level": 2,
      "parentId": "France"
    },
    {
      "id": "Lyon, France",
      "label": "Lyon",
      "groupingLabel": "Lyon, France",
      "url": "lyon-france",
      "level": 2,
      "parentId": "France"
    },
    {
      "id": "Paris, France",
      "label": "Paris",
      "groupingLabel": "Paris, France",
      "url": "paris-france",
      "level": 2,
      "parentId": "France"
    },
    {
      "id": "Strasbourg, France",
      "label": "Strasbourg",
      "groupingLabel": "Strasbourg, France",
      "url": "strasbourg-france",
      "level": 2,
      "parentId": "France"
    },
    {
      "id": "Germany",
      "label": "Germany",
      "url": "germany",
      "level": 1,
      "children": [
        "Nuremberg, Germany",
        "Mnchen, Germany",
        "Berlin, Germany",
        "Walldorf, Germany",
        "Darmstadt, Germany",
        "Cologne, Germany",
        "Hamburg, Germany",
        "Eschborn, Germany",
        "Bielefeld, Germany"
      ]
    },
    {
      "id": "Berlin, Germany",
      "label": "Berlin",
      "groupingLabel": "Berlin, Germany",
      "url": "berlin-germany",
      "level": 2,
      "parentId": "Germany"
    },
    {
      "id": "Bielefeld, Germany",
      "label": "Bielefeld",
      "groupingLabel": "Bielefeld, Germany",
      "url": "bielefeld-germany",
      "level": 2,
      "parentId": "Germany"
    },
    {
      "id": "Cologne, Germany",
      "label": "Cologne",
      "groupingLabel": "Cologne, Germany",
      "url": "cologne-germany",
      "level": 2,
      "parentId": "Germany"
    },
    {
      "id": "Darmstadt, Germany",
      "label": "Darmstadt",
      "groupingLabel": "Darmstadt, Germany",
      "url": "darmstadt-germany",
      "level": 2,
      "parentId": "Germany"
    },
    {
      "id": "Eschborn, Germany",
      "label": "Eschborn",
      "groupingLabel": "Eschborn, Germany",
      "url": "eschborn-germany",
      "level": 2,
      "parentId": "Germany"
    },
    {
      "id": "Hamburg, Germany",
      "label": "Hamburg",
      "groupingLabel": "Hamburg, Germany",
      "url": "hamburg-germany",
      "level": 2,
      "parentId": "Germany"
    },
    {
      "id": "Mnchen, Germany",
      "label": "Mnchen",
      "groupingLabel": "Mnchen, Germany",
      "url": "mnchen-germany",
      "level": 2,
      "parentId": "Germany"
    },
    {
      "id": "Nuremberg, Germany",
      "label": "Nuremberg",
      "groupingLabel": "Nuremberg, Germany",
      "url": "nuremberg-germany",
      "level": 2,
      "parentId": "Germany"
    },
    {
      "id": "Walldorf, Germany",
      "label": "Walldorf",
      "groupingLabel": "Walldorf, Germany",
      "url": "walldorf-germany",
      "level": 2,
      "parentId": "Germany"
    },
    {
      "id": "Hungary",
      "label": "Hungary",
      "url": "hungary",
      "level": 1,
      "children": [
        "Budapest, Hungary"
      ]
    },
    {
      "id": "Budapest, Hungary",
      "label": "Budapest",
      "groupingLabel": "Budapest, Hungary",
      "url": "budapest-hungary",
      "level": 2,
      "parentId": "Hungary"
    },
    {
      "id": "India",
      "label": "India",
      "url": "india",
      "level": 1,
      "children": [
        "Bengaluru, India",
        "Hyderabad, India",
        "Chennai, India"
      ]
    },
    {
      "id": "Bengaluru, India",
      "label": "Bengaluru",
      "groupingLabel": "Bengaluru, India",
      "url": "bengaluru-india",
      "level": 2,
      "parentId": "India"
    },
    {
      "id": "Chennai, India",
      "label": "Chennai",
      "groupingLabel": "Chennai, India",
      "url": "chennai-india",
      "level": 2,
      "parentId": "India"
    },
    {
      "id": "Hyderabad, India",
      "label": "Hyderabad",
      "groupingLabel": "Hyderabad, India",
      "url": "hyderabad-india",
      "level": 2,
      "parentId": "India"
    },
    {
      "id": "Ireland",
      "label": "Ireland",
      "url": "ireland",
      "level": 1,
      "children": [
        "Dublin, Ireland"
      ]
    },
    {
      "id": "Dublin, Ireland",
      "label": "Dublin",
      "groupingLabel": "Dublin, Ireland",
      "url": "dublin-ireland",
      "level": 2,
      "parentId": "Ireland"
    },
    {
      "id": "Israel",
      "label": "Israel",
      "url": "israel",
      "level": 1,
      "children": [
        "Herzliya, Israel",
        "Ramat Gan, Israel",
        "Tel Aviv, Israel",
        "Herzlia B, Israel"
      ]
    },
    {
      "id": "Herzlia B, Israel",
      "label": "Herzlia B",
      "groupingLabel": "Herzlia B, Israel",
      "url": "herzlia-b-israel",
      "level": 2,
      "parentId": "Israel"
    },
    {
      "id": "Herzliya, Israel",
      "label": "Herzliya",
      "groupingLabel": "Herzliya, Israel",
      "url": "herzliya-israel",
      "level": 2,
      "parentId": "Israel"
    },
    {
      "id": "Ramat Gan, Israel",
      "label": "Ramat Gan",
      "groupingLabel": "Ramat Gan, Israel",
      "url": "ramat-gan-israel",
      "level": 2,
      "parentId": "Israel"
    },
    {
      "id": "Tel Aviv, Israel",
      "label": "Tel Aviv",
      "groupingLabel": "Tel Aviv, Israel",
      "url": "tel-aviv-israel",
      "level": 2,
      "parentId": "Israel"
    },
    {
      "id": "Italy",
      "label": "Italy",
      "url": "italy",
      "level": 1,
      "children": [
        "Bergamo, Italy"
      ]
    },
    {
      "id": "Bergamo, Italy",
      "label": "Bergamo",
      "groupingLabel": "Bergamo, Italy",
      "url": "bergamo-italy",
      "level": 2,
      "parentId": "Italy"
    },
    {
      "id": "Japan",
      "label": "Japan",
      "url": "japan",
      "level": 1,
      "children": [
        "Tokyo, Japan"
      ]
    },
    {
      "id": "Tokyo, Japan",
      "label": "Tokyo",
      "groupingLabel": "Tokyo, Japan",
      "url": "tokyo-japan",
      "level": 2,
      "parentId": "Japan"
    },
    {
      "id": "Luxembourg",
      "label": "Luxembourg",
      "url": "luxembourg",
      "level": 1,
      "children": [
        "Luxembourg, Luxembourg"
      ]
    },
    {
      "id": "Luxembourg, Luxembourg",
      "label": "Luxembourg",
      "groupingLabel": "Luxembourg, Luxembourg",
      "url": "luxembourg-luxembourg",
      "level": 2,
      "parentId": "Luxembourg"
    },
    {
      "id": "New Zealand",
      "label": "New Zealand",
      "url": "new-zealand",
      "level": 1,
      "children": [
        "Wellington, New Zealand",
        "Auckland, New Zealand"
      ]
    },
    {
      "id": "Auckland, New Zealand",
      "label": "Auckland",
      "groupingLabel": "Auckland, New Zealand",
      "url": "auckland-new-zealand",
      "level": 2,
      "parentId": "New Zealand"
    },
    {
      "id": "Wellington, New Zealand",
      "label": "Wellington",
      "groupingLabel": "Wellington, New Zealand",
      "url": "wellington-new-zealand",
      "level": 2,
      "parentId": "New Zealand"
    },
    {
      "id": "Russian Federation",
      "label": "Russian Federation",
      "url": "russian-federation",
      "level": 1,
      "children": [
        "Moscow, Russian Federation"
      ]
    },
    {
      "id": "Moscow, Russian Federation",
      "label": "Moscow",
      "groupingLabel": "Moscow, Russian Federation",
      "url": "moscow-russian-federation",
      "level": 2,
      "parentId": "Russian Federation"
    },
    {
      "id": "Serbia",
      "label": "Serbia",
      "url": "serbia",
      "level": 1,
      "children": [
        "Novi Sad, Serbia"
      ]
    },
    {
      "id": "Novi Sad, Serbia",
      "label": "Novi Sad",
      "groupingLabel": "Novi Sad, Serbia",
      "url": "novi-sad-serbia",
      "level": 2,
      "parentId": "Serbia"
    },
    {
      "id": "South Korea",
      "label": "South Korea",
      "url": "south-korea",
      "level": 1,
      "children": [
        "Seoul, South Korea"
      ]
    },
    {
      "id": "Seoul, South Korea",
      "label": "Seoul",
      "groupingLabel": "Seoul, South Korea",
      "url": "seoul-south-korea",
      "level": 2,
      "parentId": "South Korea"
    },
    {
      "id": "Spain",
      "label": "Spain",
      "url": "spain",
      "level": 1,
      "children": [
        "Valencia, Spain"
      ]
    },
    {
      "id": "Valencia, Spain",
      "label": "Valencia",
      "groupingLabel": "Valencia, Spain",
      "url": "valencia-spain",
      "level": 2,
      "parentId": "Spain"
    },
    {
      "id": "Sri Lanka",
      "label": "Sri Lanka",
      "url": "sri-lanka",
      "level": 1,
      "children": [
        "Mount Lavinia, Sri Lanka"
      ]
    },
    {
      "id": "Mount Lavinia, Sri Lanka",
      "label": "Mount Lavinia",
      "groupingLabel": "Mount Lavinia, Sri Lanka",
      "url": "mount-lavinia-sri-lanka",
      "level": 2,
      "parentId": "Sri Lanka"
    },
    {
      "id": "Sweden",
      "label": "Sweden",
      "url": "sweden",
      "level": 1,
      "children": [
        "Ume, Sweden",
        "Stockholm, Sweden"
      ]
    },
    {
      "id": "Stockholm, Sweden",
      "label": "Stockholm",
      "groupingLabel": "Stockholm, Sweden",
      "url": "stockholm-sweden",
      "level": 2,
      "parentId": "Sweden"
    },
    {
      "id": "Ume, Sweden",
      "label": "Ume",
      "groupingLabel": "Ume, Sweden",
      "url": "ume-sweden",
      "level": 2,
      "parentId": "Sweden"
    },
    {
      "id": "Switzerland",
      "label": "Switzerland",
      "url": "switzerland",
      "level": 1,
      "children": [
        "Crissier, Switzerland",
        "Lausanne, Switzerland"
      ]
    },
    {
      "id": "Crissier, Switzerland",
      "label": "Crissier",
      "groupingLabel": "Crissier, Switzerland",
      "url": "crissier-switzerland",
      "level": 2,
      "parentId": "Switzerland"
    },
    {
      "id": "Lausanne, Switzerland",
      "label": "Lausanne",
      "groupingLabel": "Lausanne, Switzerland",
      "url": "lausanne-switzerland",
      "level": 2,
      "parentId": "Switzerland"
    },
    {
      "id": "The Netherlands",
      "label": "The Netherlands",
      "url": "the-netherlands",
      "level": 1,
      "children": [
        "Amsterdam, The Netherlands",
        "Utrecht, The Netherlands",
        "Eindhoven, The Netherlands"
      ]
    },
    {
      "id": "Amsterdam, The Netherlands",
      "label": "Amsterdam",
      "groupingLabel": "Amsterdam, The Netherlands",
      "url": "amsterdam-the-netherlands",
      "level": 2,
      "parentId": "The Netherlands"
    },
    {
      "id": "Eindhoven, The Netherlands",
      "label": "Eindhoven",
      "groupingLabel": "Eindhoven, The Netherlands",
      "url": "eindhoven-the-netherlands",
      "level": 2,
      "parentId": "The Netherlands"
    },
    {
      "id": "Utrecht, The Netherlands",
      "label": "Utrecht",
      "groupingLabel": "Utrecht, The Netherlands",
      "url": "utrecht-the-netherlands",
      "level": 2,
      "parentId": "The Netherlands"
    },
    {
      "id": "United Kingdom",
      "label": "United Kingdom",
      "url": "united-kingdom",
      "level": 1,
      "children": [
        "London, United Kingdom",
        "Peterborough, United Kingdom",
        "Eastbourne, United Kingdom"
      ]
    },
    {
      "id": "Eastbourne, United Kingdom",
      "label": "Eastbourne",
      "groupingLabel": "Eastbourne, United Kingdom",
      "url": "eastbourne-united-kingdom",
      "level": 2,
      "parentId": "United Kingdom"
    },
    {
      "id": "London, United Kingdom",
      "label": "London",
      "groupingLabel": "London, United Kingdom",
      "url": "london-united-kingdom",
      "level": 2,
      "parentId": "United Kingdom"
    },
    {
      "id": "Peterborough, United Kingdom",
      "label": "Peterborough",
      "groupingLabel": "Peterborough, United Kingdom",
      "url": "peterborough-united-kingdom",
      "level": 2,
      "parentId": "United Kingdom"
    },
    {
      "id": "United States",
      "label": "United States",
      "url": "united-states",
      "level": 1,
      "children": [
        "Seattle, Washington",
        "New York, New York",
        "Mountain View, California",
        "Armonk, New York",
        "San Francisco, California",
        "Redmond, Washington",
        "Redwood Shores, California",
        "Raleigh, North Carolina",
        "Palo Alto, California",
        "Austin, Texas",
        "Denver, Colorado",
        "Mahwah, New Jersey",
        "Portland, Oregon",
        "Redwood City, California",
        "Lehi, Utah",
        "San Jose, California",
        "Sunnyvale, California",
        "Santa Barbara, California",
        "Madison, Wisconsin",
        "Milpitas, California",
        "Fulton, Maryland",
        "Newton, Massachusetts",
        "Oakland, California",
        "Santa Clara, California",
        "Hopkinton, Massachusetts",
        "Los Altos, California",
        "Albany, California",
        "Forest Hill, Maryland",
        "Los Gatos, California",
        "Waltham, Massachusetts",
        "Cambridge, Massachusetts",
        "Cupertino, California",
        "San Mateo, California",
        "Philadelphia, Pennsylvania",
        "Menlo Park, California",
        "Boston, Massachusetts",
        "Billerica, Massachusetts",
        "Santa Fe, New Mexico",
        "Chicago, Illinois",
        "San Leandro, California",
        "Pittsburgh, Pennsylvania",
        "Washington, District of Columbia",
        "Campbell, California",
        "Hoffman Estates, Illinois",
        "San Antonio, Texas",
        "Ridgefield Park, New Jersey",
        "Louisville, Colorado",
        "Newark, Delaware",
        "Newark, New Jersey",
        "Baltimore, Maryland",
        "Santa Monica, California",
        "Falls Church, Virginia",
        "Nashville, Tennessee",
        "Kirkland, Washington",
        "Saint Paul, Minnesota",
        "Houston, Texas",
        "Brooklyn, New York",
        "Mclean, Virginia",
        "Bethesda, Maryland",
        "Pawtucket, Rhode Island",
        "Irvine, California",
        "Reston, Virginia"
      ]
    },
    {
      "id": "Albany, California",
      "label": "Albany, California",
      "groupingLabel": "Albany, California",
      "url": "albany-california",
      "level": 2,
      "parentId": "United States"
    },
    {
      "id": "Armonk, New York",
      "label": "Armonk, New York",
      "groupingLabel": "Armonk, New York",
      "url": "armonk-new-york",
      "level": 2,
      "parentId": "United States"
    },
    {
      "id": "Austin, Texas",
      "label": "Austin, Texas",
      "groupingLabel": "Austin, Texas",
      "url": "austin-texas",
      "level": 2,
      "parentId": "United States"
    },
    {
      "id": "Baltimore, Maryland",
      "label": "Baltimore, Maryland",
      "groupingLabel": "Baltimore, Maryland",
      "url": "baltimore-maryland",
      "level": 2,
      "parentId": "United States"
    },
    {
      "id": "Bethesda, Maryland",
      "label": "Bethesda, Maryland",
      "groupingLabel": "Bethesda, Maryland",
      "url": "bethesda-maryland",
      "level": 2,
      "parentId": "United States"
    },
    {
      "id": "Billerica, Massachusetts",
      "label": "Billerica, Massachusetts",
      "groupingLabel": "Billerica, Massachusetts",
      "url": "billerica-massachusetts",
      "level": 2,
      "parentId": "United States"
    },
    {
      "id": "Boston, Massachusetts",
      "label": "Boston, Massachusetts",
      "groupingLabel": "Boston, Massachusetts",
      "url": "boston-massachusetts",
      "level": 2,
      "parentId": "United States"
    },
    {
      "id": "Brooklyn, New York",
      "label": "Brooklyn, New York",
      "groupingLabel": "Brooklyn, New York",
      "url": "brooklyn-new-york",
      "level": 2,
      "parentId": "United States"
    },
    {
      "id": "Cambridge, Massachusetts",
      "label": "Cambridge, Massachusetts",
      "groupingLabel": "Cambridge, Massachusetts",
      "url": "cambridge-massachusetts",
      "level": 2,
      "parentId": "United States"
    },
    {
      "id": "Campbell, California",
      "label": "Campbell, California",
      "groupingLabel": "Campbell, California",
      "url": "campbell-california",
      "level": 2,
      "parentId": "United States"
    },
    {
      "id": "Chicago, Illinois",
      "label": "Chicago, Illinois",
      "groupingLabel": "Chicago, Illinois",
      "url": "chicago-illinois",
      "level": 2,
      "parentId": "United States"
    },
    {
      "id": "Cupertino, California",
      "label": "Cupertino, California",
      "groupingLabel": "Cupertino, California",
      "url": "cupertino-california",
      "level": 2,
      "parentId": "United States"
    },
    {
      "id": "Denver, Colorado",
      "label": "Denver, Colorado",
      "groupingLabel": "Denver, Colorado",
      "url": "denver-colorado",
      "level": 2,
      "parentId": "United States"
    },
    {
      "id": "Falls Church, Virginia",
      "label": "Falls Church, Virginia",
      "groupingLabel": "Falls Church, Virginia",
      "url": "falls-church-virginia",
      "level": 2,
      "parentId": "United States"
    },
    {
      "id": "Forest Hill, Maryland",
      "label": "Forest Hill, Maryland",
      "groupingLabel": "Forest Hill, Maryland",
      "url": "forest-hill-maryland",
      "level": 2,
      "parentId": "United States"
    },
    {
      "id": "Fulton, Maryland",
      "label": "Fulton, Maryland",
      "groupingLabel": "Fulton, Maryland",
      "url": "fulton-maryland",
      "level": 2,
      "parentId": "United States"
    },
    {
      "id": "Hoffman Estates, Illinois",
      "label": "Hoffman Estates, Illinois",
      "groupingLabel": "Hoffman Estates, Illinois",
      "url": "hoffman-estates-illinois",
      "level": 2,
      "parentId": "United States"
    },
    {
      "id": "Hopkinton, Massachusetts",
      "label": "Hopkinton, Massachusetts",
      "groupingLabel": "Hopkinton, Massachusetts",
      "url": "hopkinton-massachusetts",
      "level": 2,
      "parentId": "United States"
    },
    {
      "id": "Houston, Texas",
      "label": "Houston, Texas",
      "groupingLabel": "Houston, Texas",
      "url": "houston-texas",
      "level": 2,
      "parentId": "United States"
    },
    {
      "id": "Irvine, California",
      "label": "Irvine, California",
      "groupingLabel": "Irvine, California",
      "url": "irvine-california",
      "level": 2,
      "parentId": "United States"
    },
    {
      "id": "Kirkland, Washington",
      "label": "Kirkland, Washington",
      "groupingLabel": "Kirkland, Washington",
      "url": "kirkland-washington",
      "level": 2,
      "parentId": "United States"
    },
    {
      "id": "Lehi, Utah",
      "label": "Lehi, Utah",
      "groupingLabel": "Lehi, Utah",
      "url": "lehi-utah",
      "level": 2,
      "parentId": "United States"
    },
    {
      "id": "Los Altos, California",
      "label": "Los Altos, California",
      "groupingLabel": "Los Altos, California",
      "url": "los-altos-california",
      "level": 2,
      "parentId": "United States"
    },
    {
      "id": "Los Gatos, California",
      "label": "Los Gatos, California",
      "groupingLabel": "Los Gatos, California",
      "url": "los-gatos-california",
      "level": 2,
      "parentId": "United States"
    },
    {
      "id": "Louisville, Colorado",
      "label": "Louisville, Colorado",
      "groupingLabel": "Louisville, Colorado",
      "url": "louisville-colorado",
      "level": 2,
      "parentId": "United States"
    },
    {
      "id": "Madison, Wisconsin",
      "label": "Madison, Wisconsin",
      "groupingLabel": "Madison, Wisconsin",
      "url": "madison-wisconsin",
      "level": 2,
      "parentId": "United States"
    },
    {
      "id": "Mahwah, New Jersey",
      "label": "Mahwah, New Jersey",
      "groupingLabel": "Mahwah, New Jersey",
      "url": "mahwah-new-jersey",
      "level": 2,
      "parentId": "United States"
    },
    {
      "id": "Mclean, Virginia",
      "label": "Mclean, Virginia",
      "groupingLabel": "Mclean, Virginia",
      "url": "mclean-virginia",
      "level": 2,
      "parentId": "United States"
    },
    {
      "id": "Menlo Park, California",
      "label": "Menlo Park, California",
      "groupingLabel": "Menlo Park, California",
      "url": "menlo-park-california",
      "level": 2,
      "parentId": "United States"
    },
    {
      "id": "Milpitas, California",
      "label": "Milpitas, California",
      "groupingLabel": "Milpitas, California",
      "url": "milpitas-california",
      "level": 2,
      "parentId": "United States"
    },
    {
      "id": "Mountain View, California",
      "label": "Mountain View, California",
      "groupingLabel": "Mountain View, California",
      "url": "mountain-view-california",
      "level": 2,
      "parentId": "United States"
    },
    {
      "id": "Nashville, Tennessee",
      "label": "Nashville, Tennessee",
      "groupingLabel": "Nashville, Tennessee",
      "url": "nashville-tennessee",
      "level": 2,
      "parentId": "United States"
    },
    {
      "id": "New York, New York",
      "label": "New York, New York",
      "groupingLabel": "New York, New York",
      "url": "new-york-new-york",
      "level": 2,
      "parentId": "United States"
    },
    {
      "id": "Newark, Delaware",
      "label": "Newark, Delaware",
      "groupingLabel": "Newark, Delaware",
      "url": "newark-delaware",
      "level": 2,
      "parentId": "United States"
    },
    {
      "id": "Newark, New Jersey",
      "label": "Newark, New Jersey",
      "groupingLabel": "Newark, New Jersey",
      "url": "newark-new-jersey",
      "level": 2,
      "parentId": "United States"
    },
    {
      "id": "Newton, Massachusetts",
      "label": "Newton, Massachusetts",
      "groupingLabel": "Newton, Massachusetts",
      "url": "newton-massachusetts",
      "level": 2,
      "parentId": "United States"
    },
    {
      "id": "Oakland, California",
      "label": "Oakland, California",
      "groupingLabel": "Oakland, California",
      "url": "oakland-california",
      "level": 2,
      "parentId": "United States"
    },
    {
      "id": "Palo Alto, California",
      "label": "Palo Alto, California",
      "groupingLabel": "Palo Alto, California",
      "url": "palo-alto-california",
      "level": 2,
      "parentId": "United States"
    },
    {
      "id": "Pawtucket, Rhode Island",
      "label": "Pawtucket, Rhode Island",
      "groupingLabel": "Pawtucket, Rhode Island",
      "url": "pawtucket-rhode-island",
      "level": 2,
      "parentId": "United States"
    },
    {
      "id": "Philadelphia, Pennsylvania",
      "label": "Philadelphia, Pennsylvania",
      "groupingLabel": "Philadelphia, Pennsylvania",
      "url": "philadelphia-pennsylvania",
      "level": 2,
      "parentId": "United States"
    },
    {
      "id": "Pittsburgh, Pennsylvania",
      "label": "Pittsburgh, Pennsylvania",
      "groupingLabel": "Pittsburgh, Pennsylvania",
      "url": "pittsburgh-pennsylvania",
      "level": 2,
      "parentId": "United States"
    },
    {
      "id": "Portland, Oregon",
      "label": "Portland, Oregon",
      "groupingLabel": "Portland, Oregon",
      "url": "portland-oregon",
      "level": 2,
      "parentId": "United States"
    },
    {
      "id": "Raleigh, North Carolina",
      "label": "Raleigh, North Carolina",
      "groupingLabel": "Raleigh, North Carolina",
      "url": "raleigh-north-carolina",
      "level": 2,
      "parentId": "United States"
    },
    {
      "id": "Redmond, Washington",
      "label": "Redmond, Washington",
      "groupingLabel": "Redmond, Washington",
      "url": "redmond-washington",
      "level": 2,
      "parentId": "United States"
    },
    {
      "id": "Redwood City, California",
      "label": "Redwood City, California",
      "groupingLabel": "Redwood City, California",
      "url": "redwood-city-california",
      "level": 2,
      "parentId": "United States"
    },
    {
      "id": "Redwood Shores, California",
      "label": "Redwood Shores, California",
      "groupingLabel": "Redwood Shores, California",
      "url": "redwood-shores-california",
      "level": 2,
      "parentId": "United States"
    },
    {
      "id": "Reston, Virginia",
      "label": "Reston, Virginia",
      "groupingLabel": "Reston, Virginia",
      "url": "reston-virginia",
      "level": 2,
      "parentId": "United States"
    },
    {
      "id": "Ridgefield Park, New Jersey",
      "label": "Ridgefield Park, New Jersey",
      "groupingLabel": "Ridgefield Park, New Jersey",
      "url": "ridgefield-park-new-jersey",
      "level": 2,
      "parentId": "United States"
    },
    {
      "id": "Saint Paul, Minnesota",
      "label": "Saint Paul, Minnesota",
      "groupingLabel": "Saint Paul, Minnesota",
      "url": "saint-paul-minnesota",
      "level": 2,
      "parentId": "United States"
    },
    {
      "id": "San Antonio, Texas",
      "label": "San Antonio, Texas",
      "groupingLabel": "San Antonio, Texas",
      "url": "san-antonio-texas",
      "level": 2,
      "parentId": "United States"
    },
    {
      "id": "San Francisco, California",
      "label": "San Francisco, California",
      "groupingLabel": "San Francisco, California",
      "url": "san-francisco-california",
      "level": 2,
      "parentId": "United States"
    },
    {
      "id": "San Jose, California",
      "label": "San Jose, California",
      "groupingLabel": "San Jose, California",
      "url": "san-jose-california",
      "level": 2,
      "parentId": "United States"
    },
    {
      "id": "San Leandro, California",
      "label": "San Leandro, California",
      "groupingLabel": "San Leandro, California",
      "url": "san-leandro-california",
      "level": 2,
      "parentId": "United States"
    },
    {
      "id": "San Mateo, California",
      "label": "San Mateo, California",
      "groupingLabel": "San Mateo, California",
      "url": "san-mateo-california",
      "level": 2,
      "parentId": "United States"
    },
    {
      "id": "Santa Barbara, California",
      "label": "Santa Barbara, California",
      "groupingLabel": "Santa Barbara, California",
      "url": "santa-barbara-california",
      "level": 2,
      "parentId": "United States"
    },
    {
      "id": "Santa Clara, California",
      "label": "Santa Clara, California",
      "groupingLabel": "Santa Clara, California",
      "url": "santa-clara-california",
      "level": 2,
      "parentId": "United States"
    },
    {
      "id": "Santa Fe, New Mexico",
      "label": "Santa Fe, New Mexico",
      "groupingLabel": "Santa Fe, New Mexico",
      "url": "santa-fe-new-mexico",
      "level": 2,
      "parentId": "United States"
    },
    {
      "id": "Santa Monica, California",
      "label": "Santa Monica, California",
      "groupingLabel": "Santa Monica, California",
      "url": "santa-monica-california",
      "level": 2,
      "parentId": "United States"
    },
    {
      "id": "Seattle, Washington",
      "label": "Seattle, Washington",
      "groupingLabel": "Seattle, Washington",
      "url": "seattle-washington",
      "level": 2,
      "parentId": "United States"
    },
    {
      "id": "Sunnyvale, California",
      "label": "Sunnyvale, California",
      "groupingLabel": "Sunnyvale, California",
      "url": "sunnyvale-california",
      "level": 2,
      "parentId": "United States"
    },
    {
      "id": "Waltham, Massachusetts",
      "label": "Waltham, Massachusetts",
      "groupingLabel": "Waltham, Massachusetts",
      "url": "waltham-massachusetts",
      "level": 2,
      "parentId": "United States"
    },
    {
      "id": "Washington, District of Columbia",
      "label": "Washington, District of Columbia",
      "groupingLabel": "Washington, District of Columbia",
      "url": "washington-district-of-columbia",
      "level": 2,
      "parentId": "United States"
    }
  ]
}